{
  "name": "$LOKI BOX #09118",
  "symbol": "LOKI",
  "description": "Embark on a digital odyssey with 10,000 unique $LOKI Box on Solana, also referred as the $LOKI Node Box.\n\n$LOKI Box are released by Betloki.com, and BetLoki stands as the world's first AI-empowered gaming platform based on Solana. It unlocks the doors to the creative realms of GameFi, Sports and Esports by utilizing $LOKI Box as unique nodes. With AI empowerment, BetLoki offers a personalized, provably fair, secure, efficient platform to rock your gaming experience.\n\nEach $LOKI Box serves as a platform node. As the pinnacle of the innovative Sports + Gaming platform on Solana, each box provides early adopters with unique privileged access.\n\nDelve into the mystery with platform currency airdrops, VIP Passes, mining passes, and other exclusive functionalities concealed within each box. Secure your place in this groundbreaking digital realm, where each $LOKI Box is a key to the $LOKI world of rare opportunities and digital marvels waiting to be discovered.",
  "attributes": [],
  "image": "box.gif",
  "animation_url": "box.mp4",
  "external_url": "https://betloki.com",
  "properties": {
    "files": [
      {
        "uri": "box.mp4",
        "type": "video/mp4"
      },
      {
        "uri": "box.gif",
        "type": "image/gif"
      }
    ],
    "category": "video"
  }
}